id,codes,confidence
fffed90d-e90e-4454-9e4c-3f462ec2011c,"['90749', '83718', '84478', '82947', '93321', 'A9800', '82950', 'Q0113', '82951', '82465', 'F29.', 'H47.519', 'Y92.019', 'M90.839', 'N31.0', 'M70.939', 'F28.', 'N46.129', 'M90.859', 'R76.11']",0.6924091971595457
fffea6c5-c715-4dc5-9ed8-6bd171fe37a5,"['0046U', 'A9601', '0058U', '76883', 'A9800', 'G6016', '51798', '0866T', 'A9556', '0443U', 'Z63.8', 'W55.39XS', 'Y92.019', 'L01.02', 'R80.3', 'Y92.159', 'W27.5XXS', 'Z75.9', 'L20.0', 'Z75.8']",0.6707098940874678
fffdc557-54e1-4204-b6bf-96a619c118d0,"['90749', '83718', '93321', '93320', '84478', '78120', '82947', 'A9556', 'A9800', '82950', 'R87.621', 'R87.611', 'R85.611', 'F29.', 'M70.939', 'E88.09', 'H47.519', 'P72.2', 'D75.84', 'J98.59']",0.6666291412966047
fffcaafe-3744-4a7f-9d55-41055fbc300a,"['90749', 'A9800', '83718', '78120', '82950', '78121', '51020', '84478', 'A9556', '82947', 'M90.839', 'M70.939', 'R87.621', 'H47.519', 'M90.859', 'V00.122S', 'R97.1', 'N31.0', 'N05.6', 'D80.2']",0.6864217358780422
fffc6c9e-0f4b-41d0-b56e-927586bee19f,"['0046U', '83718', '51798', '0382U', '84478', '90749', '82947', '82950', 'A9601', '0235U', 'Y92.019', 'F29.', 'Z69.12', 'Z13.858', 'R80.3', 'M70.939', 'Z46.2', 'Z63.8', 'Z13.818', 'M70.98']",0.6949215845331077
fffc2606-96ca-41a9-8d6e-166b2e61bf1e,"['90749', '93321', '93320', 'A9800', '83718', '97610', '51798', 'A9556', 'G0482', '82947', 'F29.', 'H47.519', 'O62.9', 'E88.09', 'R76.12', 'R40.2440', 'P72.2', 'F51.8', 'E87.8', 'D89.89']",0.6514612767618602
fffb2609-41dd-41ed-a76a-984e5e259a0d,"['0046U', 'A9601', '90749', 'A9800', '51798', 'A9556', 'A9592', '93321', '82947', '0235U', 'Y92.019', 'Y92.159', 'Y92.199', 'Z00.110', 'M70.939', 'F29.', 'Z63.8', 'Y92.029', 'Y92.049', 'Z75.9']",0.6493720181248965
fffaaa8a-5a45-44b4-96e5-dbef23cf8c16,"['51020', '90749', 'A9800', '93321', '83718', 'A9596', '93320', 'A9556', 'A9601', '77525', 'M70.939', 'Y92.019', 'Y92.159', 'Y92.523', 'Z48.810', 'H44.50', 'H47.519', 'M70.98', 'R94.128', 'Z48.815']",0.703286514382973
fffa423e-f574-4204-b67e-438dc0bd92e6,"['90749', '83718', '84478', 'A9800', '93321', '82947', '82950', 'A9601', '51798', 'Q0113', 'F29.', 'M70.939', 'F64.1', 'M70.98', 'N31.0', 'Z79.810', 'Y92.019', 'R76.11', 'F98.0', 'M90.839']",0.6892100446005073
fffa0d3f-3a95-4090-9673-62152232bcf2,"['0046U', 'A9601', '90749', '51798', 'A9800', 'A9556', '92524', '0382U', '83718', '82950', 'Y92.019', 'Y92.159', 'F29.', 'Y92.199', 'Z63.8', 'Y92.029', 'Y92.89', 'Z75.9', 'Y92.049', 'Y92.523']",0.6575041710404353
fff98de1-9854-47fc-9637-7684579943f8,"['90749', '83718', '93321', '82950', 'A9800', '84478', '82947', '51798', '51020', '82951', 'Y92.019', 'F29.', 'Y92.159', 'Y92.523', 'Y92.199', 'Y92.89', 'Y92.129', 'F98.0', 'Y92.049', 'Y92.239']",0.6792025961674732
fff91919-ff50-41e6-90b3-c51963fe39d7,"['90749', '0046U', 'A9601', 'A9800', '51798', 'A9556', '93321', '83718', '93320', '82947', 'Y92.019', 'F29.', 'Y92.159', 'Y92.199', 'M70.939', 'F98.0', 'Y92.029', 'Y92.89', 'Y92.049', 'Y92.129']",0.647457355629631
fff8e4ae-7ac5-4269-b30b-138e1d7aea32,"['90749', '51798', 'A9800', '0046U', '51020', '83718', 'G0482', '82950', 'A9592', 'A9601', 'Y92.019', 'Y92.199', 'Y92.159', 'Y92.049', 'Y92.89', 'Y92.129', 'Y92.169', 'Y92.523', 'Y92.119', 'Y92.029']",0.6709611038510254
fff86190-f9b2-4ff3-9182-14ed229d1769,"['90749', '83718', '84478', 'Q0113', '51020', '82950', '82951', 'G0480', 'G0482', '82947', 'F29.', 'F28.', 'Y92.019', 'H47.519', 'Z69.12', 'Z79.810', 'M70.939', 'N31.0', 'F51.8', 'Z73.5']",0.7129515250938776
fff85814-f069-4e6d-95c4-f2305daca12a,"['A9800', '90749', '51798', 'A9601', 'A9592', '0046U', 'G0482', '51020', 'A9596', 'A9697', 'Y92.019', 'Y92.159', 'Z46.2', 'Y92.199', 'Z44.009', 'Y92.523', 'Y92.049', 'Z44.019', 'Y92.119', 'M70.939']",0.6891387224832403
fff6e9c9-8f2e-4231-9c52-97e28246ba7a,"['90749', 'A9800', 'A9601', '0046U', '51798', 'A9556', '93321', 'G6016', 'A9592', '93320', 'Y92.019', 'Y92.159', 'Y92.199', 'F29.', 'Y92.049', 'Y92.89', 'Y92.029', 'Y92.169', 'Y92.119', 'Y92.129']",0.6159097067397107
fff6af06-fa57-4ae2-867e-d8f9e11389cf,"['83718', '84478', '90749', '93321', '82950', '82947', 'A9800', '82951', '93320', 'A9601', 'F29.', 'F98.0', 'M90.859', 'E88.09', 'H47.519', 'Z13.818', 'M90.839', 'M70.939', 'Z79.810', 'D75.84']",0.6785999983293555
fff69103-00db-453e-a66b-4751324e87c8,"['90749', 'A9800', '93321', 'A9556', '93320', '83718', '82950', 'A9601', '51798', '82947', 'R94.128', 'M70.939', 'R94.09', 'Y92.019', 'L01.01', 'M90.839', 'M90.859', 'R76.11', 'R94.138', 'M63.839']",0.6839456451940766
fff62b1d-9215-49ed-ad6a-c26edcdd0d15,"['90749', '0046U', '51798', 'A9800', 'A9601', 'A9556', '0235U', '0049U', '83718', '0236U', 'F29.', 'Y92.019', 'Z04.82', 'Y92.159', 'Y92.199', 'F52.6', 'Z76.2', 'Z02.6', 'Y92.049', 'F52.9']",0.6423607321581933
fff5e475-3bb1-495f-82d1-eb2810083a6e,"['0046U', '82950', 'A9556', '90749', 'A4642', '82951', '0270U', '83718', '0374U', '82947', 'Y92.159', 'Y92.523', 'Y92.019', 'M70.939', 'L20.0', 'R80.3', 'L01.02', 'Y92.89', 'Z00.111', 'N31.0']",0.701119325912242
fff5dabe-efcf-4096-8461-2611ab58c0fa,"['0046U', '76811', 'A9601', '76812', '0058U', '0866T', '76706', '76883', '0443U', '0270U', 'L01.02', 'R80.3', 'W55.39XS', 'Z63.8', 'L20.0', 'Z62.898', 'P84.', 'L28.2', 'W56.59XS', 'Y99.0']",0.6241672099543791
fff5af6b-a168-4f51-8029-29ae024aeeb1,"['90749', '51798', '0046U', 'A9800', 'A9601', '93321', '93320', '83718', 'G6016', 'A9556', 'Y92.019', 'F29.', 'Y92.159', 'Y92.199', 'Z63.8', 'Y92.89', 'Y92.049', 'F98.0', 'Z75.9', 'Y92.129']",0.6195274760523207
fff58d07-ca7c-4a58-95b6-91218c532de6,"['A9601', '0046U', '90749', '51798', 'G6016', 'A9800', 'A9556', '76811', '76812', 'A9578', 'Y92.019', 'Y92.159', 'F29.', 'Y92.199', 'Z63.8', 'Z75.9', 'Y92.049', 'Y92.029', 'F64.1', 'Y92.129']",0.6144525512169441
fff52812-046c-405e-86a8-2c167a4d8d9b,"['90749', '83718', 'A9800', '0046U', '82947', '84478', '51798', '82950', 'A9601', '93321', 'F29.', 'Y92.019', 'Y92.159', 'M70.939', 'Y92.199', 'Y92.89', 'N31.0', 'F28.', 'Z73.5', 'F98.1']",0.6803599370522213
fff52186-be31-41ca-8be1-650ed2133c02,"['90749', '0046U', '51798', 'A9800', 'A9601', 'A9592', 'A9556', '82950', '83718', '0049U', 'Y92.019', 'Y92.159', 'Y92.199', 'Y92.523', 'Y92.169', 'Y92.029', 'Y92.119', 'Y92.049', 'Y92.89', 'Y92.129']",0.6553137763407794
fff4f704-ede5-4f84-8468-ae756257c5c0,"['90749', '0046U', '51798', 'A9601', 'A9800', '83718', '92524', '82950', '82947', '93321', 'Y92.019', 'F29.', 'Y92.159', 'Z75.9', 'Y92.199', 'F98.1', 'Y92.129', 'Y92.049', 'F98.0', 'Z63.8']",0.6725337963034989
fff4950b-8c83-497e-a3f5-57144f7b6ed7,"['0046U', 'A9601', 'A9556', '51798', '90749', 'A9800', 'A9592', '76812', '0270U', '76811', 'Y92.019', 'Y92.159', 'Y92.199', 'Y92.029', 'Y92.169', 'Y92.523', 'Y92.89', 'Y92.049', 'Y92.028', 'Y92.838']",0.6617163740078658
fff3f2fc-93d5-41e9-992d-babab953aec9,"['A9800', 'A9601', '0046U', '90749', '51798', 'A9592', 'A9556', 'A9596', '82950', '77525', 'Y92.019', 'Z63.8', 'Y92.159', 'Y92.523', 'F29.', 'Y92.838', 'Z46.2', 'Y92.029', 'Z75.9', 'Y92.028']",0.679255302284087
fff31584-1167-4088-a0b7-3499949c6227,"['0046U', '76811', 'A9601', '76812', '0058U', '0866T', '76706', '76883', '0443U', '0270U', 'L01.02', 'R80.3', 'L20.0', 'W55.39XS', 'Z63.8', 'Z62.898', 'P84.', 'Y99.0', 'Y92.159', 'L28.2']",0.6270496058758421
fff2ad38-e087-4205-a104-32445aa3e76c,"['90749', '93321', '83718', '93320', 'A9800', '84478', '82947', '51798', '51020', '82950', 'E87.8', 'F29.', 'M70.939', 'M70.98', 'E88.09', 'F98.0', 'R76.12', 'H47.519', 'M70.959', 'H44.50']",0.6461552732740962
fff1addb-6068-4d9f-874f-774a30572ff8,"['90749', '83718', 'A9800', '84478', '51798', 'A9556', '82947', 'A9601', '93321', '0046U', 'F29.', 'F64.1', 'F52.6', 'R76.11', 'N46.129', 'L01.01', 'M70.939', 'H47.519', 'L01.02', 'F28.']",0.6855356248761214
fff19d54-54e3-42bd-9df5-3c690429b39d,"['A9601', '0046U', 'A9592', '51798', '0443U', '90749', 'A9800', '76812', '0337U', '78432', 'L01.02', 'Z46.2', 'H94.80', 'Z44.009', 'Y92.159', 'Y92.019', 'H02.9', 'M26.39', 'M70.98', 'R80.3']",0.666109434603206
fff16a28-495a-4371-a8f5-67b2ae00b41e,"['90749', '93321', '93320', '83718', 'A9800', '51798', '51020', '82947', 'A9556', '84478', 'V95.15XD', 'F29.', 'H44.50', 'R76.12', 'Y92.159', 'H47.519', 'Y92.019', 'Z04.82', 'V95.15XS', 'Y92.199']",0.6568849205084898
fff0f9bd-5b3f-48d4-91a3-936f36552054,"['90749', '0046U', '51798', 'A9556', 'A9800', 'A9601', 'A9592', '83718', '82950', '93321', 'Y92.019', 'Y92.159', 'Y92.199', 'Y92.523', 'Y92.169', 'Y92.119', 'Y92.029', 'Y92.89', 'Y92.049', 'Y92.838']",0.6603748469305549
fff073d1-969f-4e28-9b84-216f6b2ac4e9,"['83718', '82951', '82950', '84478', '82947', 'A9800', '90749', '51020', 'G0482', '82465', 'D75.84', 'H47.519', 'F52.6', 'E88.09', 'E05.30', 'T80.69XS', 'J68.2', 'E87.8', 'M70.98', 'A08.19']",0.7081712717475958
fff069ef-f250-4abd-8c43-0f1c351a8631,"['A9800', 'A9556', 'A9601', '90749', '51798', '93321', '0046U', '93320', 'A9592', '0049U', 'Y92.019', 'Y92.159', 'Z00.110', 'Y92.199', 'F29.', 'Z32.2', 'Y92.029', 'Y92.169', 'M70.939', 'F52.6']",0.653281259799155
fff01dfc-b811-4938-a1aa-f1a39d21550f,"['90749', '83718', '84478', '93321', '51020', '82951', '82950', 'A9800', 'Q0113', '82947', 'M70.939', 'H82.9', 'H82.3', 'E05.30', 'M90.839', 'M90.859', 'P72.2', 'D89.89', 'H47.519', 'E05.90']",0.7127096613444068
ffefd207-84e7-4270-a91c-6c069b8affe2,"['90749', '83718', '84478', '82947', '82950', '0046U', 'A9800', 'A9556', '82951', 'Q0113', 'F29.', 'M70.939', 'N46.129', 'M30.8', 'M90.859', 'L01.01', 'N46.029', 'L01.02', 'N31.0', 'R76.11']",0.7045993022995657
ffef83b6-bbe3-49da-a3ef-f9feb2ce0508,[],0.0
ffee784b-5778-4697-b9af-e4a81a24d072,"['0046U', 'A9601', '51798', 'A9800', '90749', 'A9592', '82947', '83718', '92524', '0382U', 'Y92.019', 'Z63.8', 'Y92.159', 'Y92.199', 'M70.939', 'Y92.029', 'Z02.6', 'Y92.523', 'Y92.049', 'Z75.9']",0.6511521943833318
ffee5af4-b88e-476a-ade3-96dc66120d94,"['83718', '82950', '84478', '82951', '82947', '0046U', '90749', '0382U', 'A9800', '92524', 'L20.0', 'F44.1', 'L01.02', 'L24.89', 'M70.98', 'M70.939', 'H47.519', 'L01.1', 'R80.3', 'R76.11']",0.7131966261688854
ffecd3f4-fe55-4d11-88a7-18c835925351,"['A9800', 'A9601', '0046U', '51798', 'A9592', 'A9556', '90749', 'A9596', '93321', 'G6016', 'Y92.019', 'Y92.159', 'Y92.199', 'Y92.523', 'Y92.029', 'Y92.89', 'Y92.028', 'Y92.169', 'Y92.049', 'Y92.838']",0.6595415166201037
ffec4761-b0b9-4ea1-b2bd-f573858fb9a2,"['90749', 'A9800', '93321', 'A9601', '93320', 'A9556', '51020', 'A9596', '97113', '77525', 'F29.', 'Y92.019', 'Y92.159', 'H82.3', 'P72.2', 'L45.', 'E88.09', 'D89.89', 'M63.839', 'Y92.199']",0.6436887233923646
ffec2746-d9fe-4b83-9415-bc38e459caee,"['90749', '51798', 'A9800', '0046U', 'A9601', '93321', '51020', '83718', '0236U', '93320', 'Y92.019', 'Y92.199', 'Y92.159', 'F29.', 'Y92.169', 'Y92.129', 'Y92.049', 'Y92.029', 'Y92.119', 'Y92.239']",0.6336689088446109
ffeb9c82-905f-4fff-9138-45349373f950,"['93321', '83718', '90749', '93320', '82947', '84478', 'A9556', 'A9800', '51020', '82950', 'F29.', 'H47.519', 'H44.50', 'R76.12', 'Y92.159', 'E88.09', 'R87.621', 'K04.90', 'F52.6', 'Y92.019']",0.6565583480774924
ffeb6a05-78a6-4db6-9379-0e2f4099fdfd,"['90749', '83718', '84478', '82947', '93321', '82950', 'A9800', '51798', '82951', 'A9601', 'F29.', 'F52.6', 'N46.129', 'M70.939', 'F98.0', 'F28.', 'N46.029', 'M90.839', 'D75.84', 'F64.1']",0.6659804804247517
ffeb0ba6-6043-4938-b563-41b6b6dc8c2e,"['90749', '51798', 'A9800', '0046U', 'A9601', '93321', '83718', '51020', '0236U', 'A9556', 'Y92.019', 'Y92.199', 'Y92.159', 'F29.', 'Y92.049', 'Y92.169', 'Y92.129', 'Y92.029', 'Y92.119', 'Z75.9']",0.6389387545599358
ffeb09ae-4c60-475e-a0c5-80a69d561021,"['93321', '90749', '83718', '93320', 'A9556', 'A9800', '51020', '82947', '84478', '0049U', 'K04.90', 'F29.', 'H47.519', 'M70.939', 'R94.128', 'Y92.159', 'T80.69XS', 'Y92.019', 'Y92.89', 'Z00.6']",0.6673135380660095
ffead787-cb35-4536-8189-84ae6365a40b,"['90749', '0046U', '51798', 'A9800', '83718', '93321', '51020', 'A9601', '82947', 'A9592', 'Y92.019', 'Y92.159', 'Y92.199', 'F29.', 'Y92.119', 'Y92.049', 'Y92.129', 'Y92.89', 'Y92.029', 'Y92.169']",0.674874081623844
ffea1943-90c2-46a4-9230-bd306226fc46,"['90749', '83718', 'A9800', '84478', '93321', '82947', 'Q0113', '82950', 'A9556', 'A9601', 'F29.', 'Y92.019', 'Y92.159', 'M70.939', 'Y92.199', 'Z04.82', 'Z00.3', 'Y92.89', 'H47.519', 'F52.6']",0.6796375485601348
ffe8f6c2-d221-4e6a-aa88-b90ea77b5c10,"['90749', 'A9800', '51020', '93321', '83718', '93320', '82950', 'G0482', 'A9596', '51798', 'F29.', 'Y92.019', 'Y92.159', 'H47.519', 'Y92.199', 'Y92.129', 'M70.939', 'F52.6', 'Y92.049', 'Y92.523']",0.6941168738308688
ffe7c650-80dd-4d1e-8731-31a4b8e89cd3,"['51020', '90749', '83718', '86890', '84478', 'Q0113', 'A9592', '82950', '82947', '82951', 'O36.5911', 'O36.5931', 'M70.939', 'O36.5912', 'O36.5921', 'O36.5914', 'O36.5932', 'O36.5934', 'O36.5991', 'O36.5994']",0.7263486691612969
ffe7c498-1306-487b-a654-dd82fc4a88a6,"['0046U', '76811', 'A9601', '76812', '0058U', '0866T', '76706', 'A9556', '0443U', 'Q9950', 'L01.02', 'R80.3', 'Z63.8', 'W55.39XS', 'L20.0', 'Z62.898', 'P84.', 'Z75.9', 'L28.2', 'Y99.0']",0.6182026346754353
ffe7bf7f-2fb2-4f40-83ee-e9fd3a86c965,"['90749', '51798', '0046U', 'A9800', 'A9601', '93321', '83718', '92609', '93320', '78111', 'Y92.019', 'F29.', 'Z75.9', 'Z63.8', 'Z76.2', 'Z73.5', 'F98.0', 'Z13.42', 'Y92.159', 'Z04.82']",0.6443670294248061
ffe74b1a-ff3e-4da5-b8f4-559ee59e70d0,"['90749', 'A9800', '0046U', '83718', 'A9601', '51798', '82950', 'Q0113', '82947', '84478', 'M70.939', 'Y92.019', 'Y92.159', 'M70.959', 'F29.', 'M70.98', 'Y92.523', 'L20.0', 'N31.0', 'L01.02']",0.6892614658608394
ffe73ab8-71a0-4b60-ac9a-3a1bfb3f4fb8,"['0046U', 'A9601', 'A9556', 'A9800', '0374U', '0270U', '82950', '0382U', 'A9512', '0857T', 'R80.3', 'L20.0', 'Y92.159', 'Y92.019', 'Y92.523', 'L01.02', 'Y92.028', 'Y92.89', 'Y92.838', 'M70.939']",0.6778684562121039
ffe604c6-4a1a-4571-b3ea-e635c46aa6f4,"['90749', '83718', 'A9800', '51798', '93321', '82950', 'Q0113', '84478', '82947', '78725', 'F29.', 'F52.6', 'R94.128', 'Y92.019', 'T80.69XS', 'M70.939', 'N46.129', 'N31.0', 'M90.839', 'M90.859']",0.6832653850770147
ffe5f1b3-5ccf-4dae-ba55-6e5e5b217757,"['90749', 'A9800', '51798', '93321', 'A9601', '93320', '0046U', 'A9592', 'A9556', '92609', 'Y92.019', 'Y92.159', 'Y92.199', 'F29.', 'Y92.169', 'Y92.129', 'Y92.049', 'Y92.029', 'Y92.119', 'Z75.9']",0.627491083614895
ffe59cbf-12f0-49e8-a733-fbd7efc24fa6,"['90749', 'A9800', '83718', '93321', 'G0482', '84478', 'A9556', '51798', 'G0480', 'A9601', 'Y92.159', 'R76.12', 'F29.', 'Y92.019', 'H47.519', 'H44.50', 'R94.09', 'Y92.119', 'Y92.199', 'B96.22']",0.6734116182890817
ffe4c57d-d2b4-46b4-b9ca-33d9aafa44cc,"['90749', '83718', '84478', '82947', '82950', '82951', '93321', 'A9800', '82465', 'Q0113', 'F29.', 'M70.939', 'R76.11', 'N46.129', 'F28.', 'Z73.5', 'H47.519', 'N46.029', 'Y92.019', 'M90.859']",0.6932329951352191
ffe4386a-7469-412f-b11e-95b337f83046,"['90749', '83718', 'A9800', '82950', '84478', '82947', '82951', '93321', '51020', '51798', 'F29.', 'H47.519', 'M70.939', 'N31.0', 'F28.', 'M70.98', 'Y92.019', 'H82.9', 'M90.839', 'M90.859']",0.709478173758012
ffe3c8b7-efb5-486d-9056-46c415767e90,"['90749', '0046U', '51798', 'A9800', 'A9601', '83718', '93321', '51020', 'A9556', '82950', 'Y92.019', 'Y92.159', 'F29.', 'Y92.199', 'Y92.119', 'Y92.523', 'Y92.049', 'Y92.129', 'Y92.029', 'Y92.89']",0.6701645847320097
ffe38c2e-0971-4bf4-abc3-720a0129fb0e,"['90749', 'A9800', 'A9592', 'A9556', '0046U', '82950', 'A9601', 'A9596', '83718', '51798', 'Y92.019', 'Y92.159', 'Y92.199', 'Y92.523', 'Y92.029', 'Y92.049', 'Y92.89', 'Y92.169', 'M70.939', 'Y92.119']",0.6951863037772347
ffe378ae-424f-435d-8a74-0e40dee173d4,"['90749', '93321', '77525', 'A9800', 'A9556', '83718', '51798', '93320', '78725', '51020', 'F29.', 'F52.6', 'N46.129', 'F51.8', 'M90.839', 'F98.0', 'M70.939', 'L01.02', 'F28.', 'L01.01']",0.6729690720569274
ffe33dbd-df95-414b-93be-4c9a2cb9f2f1,"['0046U', '90749', 'A9800', 'A9601', '51798', '83718', 'A9556', '82950', '82947', '93321', 'Y92.019', 'Y92.199', 'Y92.159', 'F29.', 'Y92.169', 'Y92.029', 'Y92.89', 'Y92.049', 'Y92.129', 'Y92.119']",0.6657577784221749
ffe2f84c-4200-45f7-8692-9720442e4585,"['0046U', '76811', 'A9601', '76812', '0058U', '0866T', '0443U', '76883', '0381U', '76706', 'R80.3', 'L01.02', 'Z63.8', 'L20.0', 'W55.39XS', 'Z62.898', 'P84.', 'Z75.9', 'L28.2', 'Y99.0']",0.6211873748240615
ffe256ad-ba41-4f72-ab69-1c2dbcd0a4d1,"['90749', '0046U', '51798', 'A9800', 'A9556', 'A9601', 'A9592', '93321', '83718', '82950', 'Y92.019', 'Y92.159', 'Y92.199', 'Y92.523', 'Y92.169', 'Y92.119', 'Y92.029', 'Y92.89', 'Y92.049', 'Y92.129']",0.6585303427473049
ffe25209-a89a-4859-8edc-90d0dcb65efa,"['90749', '83718', 'A9800', 'Q0113', '84478', '82950', '82947', 'G0480', '82951', 'G0482', 'F29.', 'M70.939', 'Y92.019', 'R76.11', 'N31.0', 'Y92.159', 'H47.519', 'M70.959', 'F98.1', 'V00.122S']",0.7061693988787775
ffe2481e-07fd-47d2-9c5a-559065d21bec,"['90749', '83718', '82950', '84478', '82951', 'G0482', 'G0480', '51020', 'A9800', 'G0481', 'F29.', 'H47.519', 'F28.', 'D75.89', 'B96.22', 'M70.939', 'D89.89', 'N31.0', 'H62.8X1', 'R76.11']",0.7202440258583047
ffe1ce5e-6a35-448c-b935-3f811ea5f9fb,"['90749', '0046U', 'A9800', '51798', 'A9601', '92609', '93321', 'A9556', '83718', '93320', 'Y92.019', 'Y92.159', 'F29.', 'Y92.199', 'Y92.049', 'Y92.89', 'Y92.129', 'Y92.119', 'Y92.029', 'Y92.169']",0.6434086814128324
ffe1a08d-48bc-4182-9b39-3602a22877f6,"['90749', '93321', '51798', '83718', 'A9800', '0046U', '93320', 'A9601', '82947', '82950', 'Y92.019', 'Y92.159', 'Y92.199', 'F29.', 'Z00.6', 'Y92.89', 'Z04.82', 'Y92.049', 'Y92.129', 'Y92.119']",0.6630067719366716
ffe13565-db8e-4766-bb91-046839dc2830,"['90749', '83718', '0046U', '82950', '84478', 'A9800', '82951', '51798', '82947', 'Q0113', 'F29.', 'Y92.019', 'F28.', 'Y92.159', 'F98.1', 'M70.939', 'H47.519', 'Z73.5', 'Y92.199', 'N31.0']",0.6975674066922775
ffe11792-6b4f-4da3-b338-2a4da8bfe8c2,"['90749', '83718', 'A9800', '82950', '84478', '82951', '82947', '93321', '51798', '0046U', 'F29.', 'Y92.019', 'T80.69XS', 'H47.519', 'M70.939', 'F52.6', 'Y92.159', 'R76.12', 'F28.', 'Y92.523']",0.692481437714375
ffe042d9-1bd6-49bc-a181-5e174d3b465d,"['83718', '90749', '84478', '82950', '93321', '82947', 'A9800', '82951', '82465', '51798', 'E88.09', 'F29.', 'T80.69XS', 'E87.8', 'G96.198', 'H47.519', 'R76.11', 'Q85.89', 'R94.09', 'R94.138']",0.6899910020892143
ffdfa483-cfb1-4b0e-869d-6bfd33d69335,"['0046U', 'A9800', '51798', '82950', '92524', '90749', '83718', '82951', 'A9601', 'A9556', 'Y92.019', 'Y92.523', 'Y92.159', 'Z46.2', 'Y92.199', 'Y92.029', 'Y92.838', 'Y92.049', 'H47.519', 'Y92.129']",0.6945289030262501
ffdfa086-9a2f-4453-821d-bb631664c6f2,"['90749', '83718', '82950', '82951', '82947', '0046U', '84478', '93321', 'A9800', '51798', 'M70.939', 'N31.0', 'F29.', 'Y92.019', 'H47.519', 'Y92.159', 'H82.9', 'R94.128', 'M90.859', 'R76.11']",0.6953084703067455
ffdf9543-d44f-428b-a1dc-3748f18570b1,"['0046U', 'A9601', '0382U', 'A9592', '0235U', '51798', '0443U', '0381U', 'A9556', '77525', 'Z63.8', 'R80.3', 'L20.0', 'Z75.8', 'L01.02', 'Z62.898', 'P84.', 'Z75.9', 'M30.8', 'Z76.2']",0.6456056292697416
ffdeea14-9cf9-43be-8d4f-00fbcd1c3aba,"['83718', '90749', '84478', '82950', '82951', 'A9800', '82947', 'G0482', '93321', '78120', 'R76.11', 'D75.84', 'H47.519', 'E05.30', 'R76.12', 'N31.0', 'N46.129', 'M70.939', 'H82.9', 'M90.839']",0.7241960511628109
ffdebd90-438d-40a6-b926-164b38b6a694,"['90749', '83718', '93321', 'A9556', 'A9800', '82947', 'A9601', '51798', '93320', '0046U', 'F29.', 'Y92.159', 'Y92.019', 'Y92.199', 'R87.621', 'M70.939', 'R87.611', 'R85.611', 'T80.69XS', 'F52.6']",0.6529626636788526
ffde13cd-1fd4-43a2-8c97-578b36b80767,"['93321', '90749', '83718', '93320', 'A9556', 'A9800', '82947', '51020', '93930', '93931', 'M70.939', 'M70.98', 'M70.959', 'N31.0', 'H82.9', 'F29.', 'R76.11', 'M90.839', 'M90.859', 'Q85.89']",0.6969435113681693
ffdddf60-0536-4a5c-a4fe-5558d6a2e674,"['93321', '93320', '90749', 'A9800', '83718', 'A9556', '78278', '78597', '51798', '0049U', 'H44.50', 'R94.39', 'R94.30', 'Y92.159', 'R94.09', 'R94.121', 'H47.519', 'M70.939', 'R76.12', 'P72.2']",0.6641112184896868
ffdd8f5e-4668-42f0-a3a0-8559dfc4e3f0,"['90749', '83718', '84478', 'A9800', '82950', '82951', '82947', 'G0480', '51020', 'G0482', 'D75.84', 'D89.89', 'E05.40', 'E05.30', 'B96.22', 'D80.2', 'F29.', 'E05.90', 'M30.8', 'R76.11']",0.7136820594036388
ffdcc16e-0673-44bb-8ded-9f8ed1137486,"['A9601', '90749', '0046U', 'A9800', '51798', 'G6016', 'A9556', 'A9697', 'A9512', '83718', 'Y92.019', 'Y92.199', 'Y92.159', 'F29.', 'Y92.049', 'Y92.119', 'Y92.129', 'Y92.029', 'Y92.169', 'Z75.9']",0.6299179409134319
ffdc6676-6407-4db6-9221-1d69ba7fa44e,"['A9601', 'A9800', 'A9592', 'A9556', '0046U', '90749', 'A9596', 'A4642', '0235U', '51798', 'Y92.019', 'L01.02', 'Y92.159', 'M70.939', 'F64.1', 'F29.', 'Z45.010', 'L20.0', 'Y92.199', 'Y92.029']",0.6623995181090014
ffdc3695-82ee-469c-9d88-7e408782fa8f,"['90749', '83718', '0046U', '82950', 'A9800', '82951', '84478', '82947', 'G0482', 'G0480', 'F29.', 'Y92.019', 'Y92.159', 'M70.939', 'F98.1', 'Y92.523', 'Y92.199', 'N31.0', 'R80.3', 'Y92.89']",0.713148067494098
ffdc1e54-7f3d-49a6-8aee-063bfbf5b8a3,"['0383U', '0046U', '0382U', '0501U', '0025U', '0273U', 'A9601', 'Q9950', '0443U', '0866T', 'L01.02', 'R80.3', 'M30.8', 'A52.76', 'L20.0', 'N46.029', 'F40.228', 'L90.1', 'L66.19', 'N46.129']",0.6631828993884658
ffdbf4b4-d9d2-4a34-84b4-865de7631b0f,"['83718', '90749', '51020', '93321', 'A9800', '82950', '82947', '84478', '82951', 'A9596', 'M70.939', 'Y92.019', 'Y92.523', 'Y92.159', 'N31.0', 'H47.519', 'M70.959', 'V95.15XS', 'N80.109', 'T80.69XS']",0.7206565518887877
ffdaf930-4cf5-442c-a57b-fcb4fa187f37,"['0046U', '90749', '51798', 'A9800', 'A9601', '93321', '83718', '82950', 'A9556', 'A9592', 'Y92.019', 'Y92.159', 'Y92.199', 'F29.', 'Y92.169', 'Y92.029', 'Y92.049', 'Y92.523', 'Y92.89', 'Y92.129']",0.6701536894313137
ffd9d02f-a04c-4abf-9448-6bb8545ff13d,"['0046U', '76811', 'A9601', '76812', '0058U', '0866T', '76706', 'A9556', 'Q9950', '0443U', 'L01.02', 'R80.3', 'L20.0', 'Z63.8', 'W55.39XS', 'Z62.898', 'P84.', 'R40.1', 'L28.2', 'Z75.9']",0.6192862192568593
ffd96ac7-2996-46db-a825-b38e97965ae8,"['0046U', 'A9601', '90749', '51798', 'A9800', 'A9556', '0235U', '0382U', '92524', 'G6016', 'Y92.019', 'F29.', 'Y92.159', 'L01.02', 'Z62.898', 'Z63.8', 'F64.1', 'F98.0', 'R80.3', 'L20.0']",0.6653587743133539
ffd9648d-8be8-437e-ae20-9ee332dc4033,"['90749', '93321', 'A9800', '93320', '83718', '51020', '78120', '84478', 'G0482', '51798', 'E88.09', 'E87.8', 'R76.12', 'F29.', 'H47.519', 'P72.2', 'R94.09', 'T80.69XS', 'D89.89', 'R85.3']",0.6270764693206249
ffd903f7-e02e-4c76-97a0-1f352a4c9e34,"['90749', 'A9601', 'A9556', '51798', '0235U', 'A9800', '93321', '83718', '0046U', '93320', 'F29.', 'Z62.898', 'F64.1', 'M70.939', 'M70.98', 'L01.02', 'F98.0', 'R94.39', 'Y92.019', 'F52.6']",0.6603390109625328
ffd8a7e4-b34f-4c9f-8f37-64f3ceccc328,"['51020', '90749', '93321', '83718', 'A9592', '82950', '82951', 'A9800', '51798', 'G0482', 'H44.50', 'M70.939', 'Y92.523', 'H47.519', 'Y92.019', 'Y92.159', 'Z04.82', 'Y83.2', 'Y92.129', 'Z44.009']",0.714652770681082
ffd7d002-6f52-405c-8b5f-3cdc028057ef,"['90749', 'A9800', '51020', 'A9601', '93321', 'A9592', 'A9596', '51798', '93320', 'Q0113', 'M70.939', 'Y92.019', 'Y92.159', 'M70.98', 'F29.', 'M70.959', 'Y92.199', 'Y92.523', 'Y74.8', 'M63.839']",0.6695814198414641
ffd7a084-7047-4b64-b365-13797f5eac3e,"['93321', '93320', '90749', 'A9800', '51020', '83718', 'A9596', 'A9556', '51798', 'A9601', 'Y92.019', 'Y92.159', 'Y92.199', 'H44.50', 'M70.939', 'Y92.129', 'Y92.119', 'H47.519', 'F98.0', 'Y92.89']",0.6599776775081456
ffd78fb4-e52f-4e22-9ba8-4be7540f3692,"['90749', 'A9800', '93321', 'A9556', '93320', 'A9601', 'A9592', '51798', '93930', '93931', 'Y92.019', 'Y92.159', 'Y92.199', 'Y92.119', 'Y92.129', 'Y92.029', 'F29.', 'H82.9', 'M70.939', 'Y92.049']",0.6470484793298987
ffd75b4b-411d-4341-bfc3-7a8659ce5958,"['93321', '90749', '51020', '93320', 'A9800', '83718', '78597', 'G6002', '93930', '93931', 'H47.519', 'H44.50', 'M70.939', 'H16.409', 'H57.00', 'M70.959', 'M26.30', 'R76.12', 'M70.98', 'F29.']",0.6916115023109862
ffd73d69-556a-45aa-8546-c9bfa6449b73,"['93321', '90749', '51020', 'A9800', '83718', '93320', '82947', '93930', '93931', '51798', 'H47.519', 'Y92.159', 'F29.', 'V95.15XS', 'Y92.019', 'M70.939', 'V95.15XD', 'R76.12', 'R94.09', 'Y92.129']",0.6810078039693982
ffd6dce6-0873-4ecf-b986-3c1eba63c88f,"['90749', '0046U', '83718', '93321', '51798', 'A9800', '51020', '82947', 'A9601', 'A9556', 'Y92.019', 'F29.', 'Y92.159', 'Y92.199', 'Y92.89', 'Y92.049', 'Y92.129', 'Y92.119', 'H47.519', 'Y92.169']",0.6592769043404725
ffd53e54-0c76-49f6-be1c-7ba7da5906d8,"['90749', '51020', '93321', '51798', '92609', '83718', '97140', '97537', 'Q0113', '97750', 'F29.', 'Y92.019', 'Y92.199', 'Z04.82', 'R41.9', 'Y92.159', 'F52.9', 'Z00.6', 'H47.519', 'F59.']",0.665743298517405
ffd52c77-713c-4a9b-858a-fd9024015830,"['90749', '83718', 'A9800', '84478', '93321', '51798', 'A9556', '51020', '93930', '93931', 'M70.939', 'N46.129', 'F52.6', 'F29.', 'M90.839', 'T80.69XS', 'Y92.019', 'M70.98', 'M70.959', 'M90.859']",0.6814318014846705
ffd51e7c-8fda-472a-be93-aaf35805cd32,"['93321', '93320', '90749', '83718', '93930', '93931', '78265', '78266', 'A9800', 'G0130', 'R76.11', 'R94.121', 'H82.9', 'R94.128', 'R94.39', 'M70.939', 'R94.09', 'P72.2', 'R76.12', 'N80.A0']",0.6740729037164493
ffd4b320-420b-433e-b0bd-1beeef10ad97,"['0046U', 'A9800', 'A9601', '90749', '51798', 'A9556', 'A9592', '83718', '82947', '82950', 'Y92.159', 'Y92.019', 'Y92.199', 'Y92.89', 'Y92.029', 'Y92.049', 'Y92.169', 'Y92.523', 'Y92.838', 'F29.']",0.6554758813052722
ffd36188-d04d-4b55-a89c-dc25bc8a4b08,"['90749', '0046U', '83718', 'A9800', '51798', '82950', '82947', 'A9556', 'A9601', 'A9592', 'Y92.019', 'Y92.159', 'Y92.523', 'Y92.89', 'Y92.199', 'Y92.169', 'Y92.119', 'Y92.218', 'Y92.838', 'Y92.049']",0.6820707614620837
ffd2daf8-245d-47bb-adff-7b2695714e26,"['90749', '83718', 'A9800', '82950', '82951', '82947', '84478', '51798', 'G0482', '93321', 'H47.519', 'R76.12', 'T80.69XS', 'T80.A0XD', 'F29.', 'T80.61XS', 'T80.A0XS', 'F52.6', 'B96.22', 'T80.69XD']",0.6984065837284892
ffd1de11-47bb-4d69-a9a8-92492c0c39cb,"['51798', '90749', '51020', '0046U', '92524', '83718', 'A9800', 'G0482', '93321', 'G0451', 'H47.519', 'Z04.82', 'F29.', 'Y92.019', 'R41.9', 'Z46.2', 'F59.', 'B96.22', 'F98.1', 'F98.0']",0.67784514972028
ffd1b366-0495-415a-b6d8-9c41ee28b7a4,"['0046U', 'A9601', 'A9800', 'A9556', 'A9592', '0270U', '51798', 'A9512', '82950', '0374U', 'Z00.110', 'Y92.019', 'Y92.159', 'Z00.111', 'Z45.010', 'Y92.199', 'L20.0', 'R80.3', 'Y92.029', 'L01.02']",0.6701144371967566
ffd17df7-8e98-4a0e-9161-36e31d0ab6ce,"['90749', '0046U', '51020', '83718', '51798', 'A9800', '82950', '82951', '84478', 'A9601', 'Y92.019', 'Y92.159', 'Y92.523', 'Y92.199', 'Y92.838', 'Y92.119', 'Y92.049', 'F29.', 'Y92.129', 'Y92.029']",0.6925797504823804
ffd128f1-7ea7-4134-afaf-a5b23441c1f0,"['90749', 'A9800', '83718', 'A9601', '84478', '82950', 'Q0113', 'G0435', 'A9556', '0046U', 'N46.129', 'M90.839', 'N46.029', 'M90.859', 'M70.939', 'M70.98', 'L01.02', 'L20.0', 'N31.0', 'L01.01']",0.6713331267943449
ffd10de6-f0e2-4f9e-ba57-aa9d1e593627,"['90749', '83718', '93321', '51798', 'A9800', '82950', 'G0482', '51020', '82951', '84478', 'Y92.019', 'F29.', 'Y92.159', 'Y92.199', 'Y92.129', 'Z04.82', 'Y92.049', 'Y92.119', 'H47.519', 'Y92.169']",0.6871624451720213
ffd0a6d0-c8ae-4bd6-b880-5e44652e811b,"['83718', '90749', '0046U', '82950', 'A9800', '82947', 'A9601', '84478', '51798', '82951', 'M70.939', 'F29.', 'Y92.019', 'M70.959', 'M70.98', 'Z46.2', 'Y92.159', 'Z44.009', 'T80.69XS', 'Y92.523']",0.7064200336003164
ffcfcb93-67e1-4036-942d-fa07ec8ff260,"['90749', '51020', '93321', '83718', 'A9800', '82950', '84478', '93320', 'G0480', '82951', 'Y92.159', 'M70.939', 'F29.', 'R76.12', 'H82.9', 'R76.11', 'H47.519', 'Y92.019', 'N31.0', 'R94.128']",0.704466685427064
ffcfc4a7-9586-487f-b8a0-960c81dbb162,"['90749', '51020', '83718', 'A9800', '93321', '51798', '0046U', '82950', '82947', '82951', 'Y92.019', 'Y92.159', 'F29.', 'M70.939', 'Y92.523', 'H47.519', 'Y92.199', 'Y92.119', 'Y92.89', 'Y92.129']",0.6835988521402383
ffcf6f35-8326-4861-90a6-a057cfae167b,"['90749', 'A9800', '51020', '93321', '51798', 'A9592', 'A9601', '93320', '0046U', '83718', 'Y92.019', 'Y92.159', 'Y92.199', 'Y92.129', 'F29.', 'Y92.029', 'Y92.119', 'Y92.049', 'Y92.169', 'M70.939']",0.6579486789463161
ffcf4c54-1982-446f-9fbc-7184ddd0b8f5,"['90749', '83718', '82950', '84478', '82951', '82947', '93321', 'G0480', 'G0482', '51798', 'F29.', 'Y92.019', 'M70.939', 'N31.0', 'Y92.159', 'H47.519', 'R94.128', 'F98.1', 'R76.11', 'Y92.199']",0.7105220981596664
ffcdd93e-807a-476d-ae31-e38b9e4254da,"['90749', '51020', 'A9800', '83718', '93321', '86890', 'Q0113', 'G0027', 'A9596', '78130', 'O36.5911', 'O36.5931', 'F29.', 'O36.5921', 'O31.31X1', 'O36.5991', 'Y92.019', 'F52.9', 'Y92.159', 'Z04.82']",0.6796634298014159
ffcdb041-7c69-4340-87d4-c8fc7e2540e5,"['90749', '0046U', 'A9800', 'A9601', '51798', '83718', '82950', '82947', 'A9556', '93321', 'Y92.019', 'Y92.159', 'Y92.199', 'Y92.523', 'Y92.838', 'Y92.028', 'Y92.169', 'Y92.029', 'Y92.89', 'Y92.119']",0.6709678465518243
ffcda8e9-79fe-417f-acbd-8b9095248a5b,"['0046U', 'A9601', 'A9556', 'A9800', '0374U', '0270U', '97129', 'A9592', '82950', 'A9512', 'Y92.019', 'Z00.110', 'Y92.159', 'Z00.111', 'Z45.010', 'Y92.199', 'Y92.89', 'R80.3', 'Y92.029', 'Z63.8']",0.6785393930036331
ffcd42f7-5de2-462f-bac5-0ce2b9a88d67,"['0046U', 'A9601', 'A9800', '0374U', '0270U', '97129', 'A9556', 'A9512', 'A9697', '82950', 'Y92.019', 'Y92.159', 'Z00.110', 'Z00.111', 'Y92.199', 'Z45.010', 'Y92.029', 'Y92.169', 'Y92.89', 'Y92.028']",0.676022953645408
ffcc9f81-93a4-4dc5-ac5c-d1b1a236a1a9,"['0046U', 'A9601', 'A9800', '51798', '90749', 'A9556', '77338', '82950', 'A9592', '83718', 'Y92.159', 'Y92.019', 'Y92.199', 'Y92.169', 'Y92.523', 'Y92.049', 'Y92.119', 'Y92.029', 'Y92.89', 'Y92.129']",0.6642400747721957
ffcc7353-fc6a-496e-b6fd-7cade8ea9e5f,"['90749', '83718', 'A9800', '84478', '82950', '82951', '93321', '82947', '51020', 'G0482', 'R76.12', 'F29.', 'B96.22', 'H47.519', 'R76.11', 'D75.84', 'M70.939', 'M70.98', 'T80.69XS', 'E88.09']",0.6889230265080099
ffcc620f-48fa-4e16-931b-53167dae2e52,"['90749', '83718', 'A9800', '82950', '93321', 'A9556', '82951', '82947', '51798', '84478', 'Y92.523', 'Y92.019', 'M70.939', 'Y92.159', 'H47.519', 'R94.128', 'N31.0', 'Y92.89', 'Z46.2', 'M70.98']",0.7055376001451452
ffcbdd5f-c976-4abc-8add-caa7c4769abd,"['0046U', '90749', '51798', 'A9800', 'A9601', '82950', '83718', 'A9592', 'A9556', '92524', 'Y92.019', 'Y92.159', 'Y92.199', 'F29.', 'Y92.029', 'Y92.049', 'Y92.523', 'Y92.169', 'Y92.129', 'M70.939']",0.6843890828552786
ffcb7fb1-3d23-41ca-b12d-761992ff1a29,"['90749', '0046U', 'A9601', 'A9800', '51798', '83718', '82950', 'A9556', '82947', 'A9512', 'Y92.019', 'Y92.159', 'F29.', 'Y92.523', 'Y92.199', 'F98.1', 'Y92.119', 'Y92.89', 'Y92.049', 'Y92.838']",0.6813644426280241
ffcb5cbd-9a4e-475c-8473-3f8e5691d9e2,"['0046U', '76811', 'A9601', '76812', '0058U', '0866T', '76706', '76883', '0270U', '0443U', 'L01.02', 'R80.3', 'W55.39XS', 'Z63.8', 'L20.0', 'Z62.898', 'P84.', 'L28.2', 'Y99.0', 'R40.1']",0.6218859328293277
ffcb56ec-0561-4071-826a-a6cf7dc1b614,"['90749', 'A9800', '51798', 'A9601', '0046U', 'A9556', '93321', 'Q0113', 'A9592', 'G0482', 'Y92.019', 'Y92.159', 'Y92.199', 'F29.', 'Y92.049', 'Y92.029', 'Y92.169', 'Y92.119', 'Z04.82', 'Y92.838']",0.6541969045089502
ffca7be3-1013-4f4c-883b-adccf234a29e,"['0046U', '76811', 'A9601', '76812', '0058U', '0866T', '76883', '76706', '0443U', 'A9556', 'L01.02', 'R80.3', 'L20.0', 'Z63.8', 'W55.39XS', 'Z62.898', 'P84.', 'Y92.159', 'Y92.019', 'Y99.0']",0.6290261966338734
ffca32d4-30ed-466a-a00c-a6868a288be1,"['51798', '0046U', '90749', 'A9601', '78432', 'A9800', 'A9697', '77338', '0443U', '0337U', 'F98.0', 'Y92.159', 'Y92.019', 'H44.50', 'M70.98', 'R94.128', 'Z46.2', 'Z62.898', 'R94.4', 'Y92.049']",0.6763929873912364
ffc91531-f7e7-4ab7-8471-19353ca413cd,"['A9601', 'A9800', 'A9592', '0046U', '97550', '97129', '51798', 'A9505', '97537', '90749', 'Z00.110', 'Z00.111', 'Z76.2', 'Z62.892', 'Y92.019', 'Z04.82', 'O36.63X1', 'O36.61X1', 'Z75.9', 'O36.5911']",0.6958157399167391
ffc84a9a-5f04-4bae-956f-05a239f822f8,"['83718', '90749', '82950', '0046U', '92524', '82951', '82947', '93930', '93931', '84478', 'F98.0', 'M70.939', 'Y92.019', 'Y92.523', 'F29.', 'N31.0', 'Y92.159', 'L01.02', 'L20.0', 'Z44.20']",0.7127296791700882
ffc84a09-a22e-4448-b410-a0998f609a93,"['90749', '93321', 'A9800', '51798', '83718', '93320', '78111', 'A9601', '84478', '78120', 'F29.', 'Z73.5', 'Z04.82', 'Y92.019', 'F64.1', 'F52.6', 'F52.9', 'E88.09', 'Y92.159', 'Z13.42']",0.6342155073035911
ffc84511-975d-4d72-902a-72a1a94283a2,"['0046U', '90749', 'A9800', '51798', 'A9601', '83718', '82950', '82947', 'A9592', '93321', 'Y92.019', 'Y92.159', 'Y92.199', 'Y92.169', 'Y92.029', 'Y92.049', 'Y92.129', 'Y92.523', 'Y92.89', 'F29.']",0.6626055121336623
ffc7b618-9731-4039-9abc-328cebfe865f,"['0046U', 'A9601', '76811', '76812', '0235U', 'A9556', '0443U', '76706', '0866T', '0058U', 'R80.3', 'L01.02', 'L20.0', 'R94.128', 'Z63.8', 'R94.39', 'K08.494', 'Z62.898', 'W55.39XS', 'R94.09']",0.6453013173830358
ffc795d3-6dc9-44cf-a9ba-35ad0f06fbfe,"['76811', '0046U', 'A9601', '76812', '0058U', '0866T', '76706', '76883', 'Q9950', '0381U', 'L01.02', 'R80.3', 'Z63.8', 'W55.39XS', 'Z62.898', 'L20.0', 'P84.', 'Z75.9', 'L28.2', 'Z74.8']",0.613662508178388
ffc65bfb-9aa9-4666-adec-16357d0df396,"['0046U', 'A9601', 'A9556', 'A9800', '51798', '0270U', '97129', '0374U', 'A9697', 'A9592', 'Z00.110', 'Y92.019', 'Y92.159', 'Y92.199', 'Z00.111', 'Y92.169', 'Y92.029', 'Y92.89', 'Z45.010', 'Y92.049']",0.6691083339054916
ffc61e66-b67d-41c2-8672-56b67122befe,"['90749', '0046U', 'A9592', 'A9601', '51798', 'A9800', '82950', 'A9556', '83718', 'A9596', 'M70.939', 'Y92.019', 'Y92.159', 'Y92.523', 'M70.959', 'Z44.009', 'Z44.019', 'Z44.029', 'L20.0', 'M63.80']",0.7156135562324029
ffc61de4-a782-4e20-a774-b9921c9d0a5f,"['0046U', '90749', '51798', 'A9601', 'A9556', '82950', 'A9800', '83718', '82947', 'A9592', 'Y92.019', 'Y92.159', 'Y92.523', 'Y92.199', 'Y92.89', 'Y92.029', 'Y92.169', 'Y92.049', 'Y92.119', 'Y92.129']",0.6838366380121277
ffc5aadb-390c-4598-9267-00c3541d5b7e,"['90749', '0046U', 'A9800', 'A9601', '93321', 'A9556', '51798', '93320', '92609', '0235U', 'F29.', 'Y92.019', 'Y92.159', 'F98.0', 'Z75.9', 'Z62.898', 'F52.6', 'Y92.199', 'F51.8', 'Z63.8']",0.628935829425296
ffc5426b-2570-433c-a4a3-3d13f5a94939,"['90749', '0046U', '51798', 'A9800', 'A9601', 'A9592', 'A9556', '83718', '82950', '93321', 'Y92.019', 'Y92.159', 'Y92.199', 'Y92.523', 'Y92.169', 'Y92.119', 'Y92.029', 'Y92.89', 'Y92.049', 'F29.']",0.6640740573843237
ffc53e76-fd39-4865-8478-e84735c5718d,"['90749', '83718', 'A9800', '82950', 'A9556', '82947', '84478', '93321', 'G0480', 'G0482', 'A00.1', 'M70.939', 'R94.128', 'Y92.159', 'Y92.019', 'T80.69XS', 'F29.', 'R94.09', 'H47.519', 'V00.122S']",0.697329200841309
ffc46b2c-c489-4760-99d9-06d091a138e5,"['90749', 'A9800', '0046U', 'A9601', '51798', '93321', 'A9556', '83718', 'G6016', '93320', 'Y92.019', 'Y92.159', 'F29.', 'Y92.199', 'Z63.8', 'Y92.89', 'Y92.049', 'Y92.029', 'Z75.9', 'Y92.129']",0.6195076435066073
ffc42dcc-2ec3-4958-b64f-db43e23286ad,"['90749', 'A9601', '0046U', 'A9800', '0236U', 'A9592', '51798', 'A9556', 'A9596', 'A4642', 'Y92.019', 'Y92.159', 'Y92.199', 'Y92.169', 'Y92.029', 'Y92.049', 'Y92.119', 'Y92.129', 'Z00.110', 'Y92.523']",0.6952198486122396
ffc410f7-b076-4209-b0d4-d38dce6b5233,[],0.0
ffc3f723-2eb5-4e25-ba67-1d6cf42febc4,"['90749', '83718', '0046U', 'A9800', '93321', '84478', '82950', 'Q0113', '51798', 'A9556', 'F29.', 'Y92.019', 'Y92.159', 'F51.8', 'F28.', 'M70.939', 'H47.519', 'Y92.199', 'F52.9', 'Y92.129']",0.6873084698715487
ffc3a503-db15-4643-bce7-ce0138446761,"['90749', '93321', 'A9800', '93320', '83718', '51798', 'A9601', '84478', '78597', '51020', 'F29.', 'Y92.019', 'Z04.82', 'Y92.159', 'H47.519', 'Y92.199', 'F64.1', 'F98.0', 'H44.50', 'Z13.42']",0.6520121668147205
ffc39d45-6954-4ce2-b9b8-e33275323608,"['90749', 'A9800', '0046U', 'A9601', 'A9556', '51798', '83718', '93321', '82950', '0049U', 'Y92.019', 'F29.', 'M70.939', 'Y92.159', 'Y92.199', 'F52.6', 'M70.98', 'Z73.5', 'M63.839', 'Y92.89']",0.6713294083087457
ffc38b1a-f082-4198-9ea8-0b6c11cedb05,"['0046U', '76811', 'A9601', '76812', '0058U', '0866T', '76883', '76706', 'A9556', '0443U', 'L01.02', 'R80.3', 'W55.39XS', 'Z63.8', 'L20.0', 'Z62.898', 'P84.', 'L28.2', 'Y99.0', 'R40.1']",0.622927193189027
ffc37db1-67e5-44f7-acc6-9e4a0654745b,"['90749', '83718', '84478', '82950', '82947', 'A9800', '93321', '51798', 'G0482', 'G0480', 'F29.', 'Y92.019', 'Z13.858', 'Z13.818', 'Z13.49', 'F64.1', 'M70.939', 'Z13.79', 'Z36.0', 'Z13.88']",0.6841637299487423
ffc3693f-4f00-44df-9d71-99ae529c292b,"['90749', 'A9592', '0046U', 'A9556', '92524', 'A9601', '51798', '93321', 'A9800', '97537', 'Y92.019', 'Y92.159', 'Z04.82', 'V95.15XS', 'Y92.199', 'V95.15XD', 'Y92.049', 'T71.234S', 'O70.21', 'L01.02']",0.66158618915825
ffc31034-21de-4c4b-99e6-a709f0a01c9f,"['A9601', '0046U', '51798', '90749', 'A9800', '77525', '0235U', 'A9556', '92524', 'A9592', 'Y92.019', 'F29.', 'Z63.8', 'L01.02', 'Z62.898', 'Z46.2', 'M70.939', 'R80.3', 'M70.98', 'Y92.159']",0.6542977530136507
ffc2761f-978c-45a0-9445-ee658cdff571,"['90749', '51798', '83718', '93321', 'A9800', '51020', '84478', '82947', 'A9601', '78111', 'F29.', 'Y92.019', 'Z04.82', 'O36.5911', 'Z73.5', 'O36.5931', 'Y92.159', 'O36.5921', 'Z13.42', 'M70.939']",0.6694688477924803
ffc26b84-79c3-4dcd-afad-b2bcf3f58a6b,"['76811', '0046U', 'A9601', '76812', '0866T', '76706', '0058U', '0235U', '0381U', 'Q9950', 'R80.3', 'L01.02', 'Z63.8', 'W55.39XS', 'Y99.0', 'Z62.898', 'L20.0', 'Y92.159', 'Z75.9', 'Y92.019']",0.6239766507341378
ffc259cd-54a2-408b-9256-83745998115e,"['76811', '0046U', '76812', 'A9601', 'A9556', '76706', 'Q9950', '0866T', '0058U', '0270U', 'R80.3', 'L01.02', 'L20.0', 'Z63.8', 'W55.39XS', 'Z62.898', 'P84.', 'L28.2', 'R40.1', 'E51.11']",0.6240625140951426
ffc1e9e5-173c-4576-a7aa-62f1bb053282,"['90749', '83718', '51798', '93321', '0046U', '82947', '82950', '93320', 'A9800', 'A9556', 'F29.', 'F98.0', 'Y92.019', 'F52.6', 'F98.1', 'Y92.523', 'Y92.159', 'F64.1', 'N31.0', 'M70.939']",0.6767474405843653
ffc1a96e-0034-4e8a-a6c9-4c93786b5eb3,"['51020', '93321', '90749', '83718', 'A9800', '93930', '93931', '82950', '84478', 'Q0113', 'M70.939', 'F29.', 'Y92.019', 'Y92.159', 'M70.959', 'K04.90', 'M63.859', 'H47.519', 'M63.80', 'H82.9']",0.7113711845881727
ffc0db1e-e42b-4627-89b7-a79b7b20174f,"['90749', 'A9800', '93321', '83718', '51798', '51020', '97140', '93320', 'A9592', 'Q0113', 'M70.939', 'M70.98', 'F29.', 'L98.498', 'M70.959', 'Y92.019', 'L97.508', 'L97.808', 'L97.528', 'D75.89']",0.6655405688638898
ffc0d355-79ff-4dfd-b9a0-13a4e10c5ee6,"['90749', 'A9800', '51798', '0046U', '51020', '83718', 'A9601', '93321', '0236U', 'A9592', 'Y92.019', 'F29.', 'Y92.159', 'Y92.199', 'Y92.119', 'F98.1', 'Y92.049', 'Y92.129', 'Y92.523', 'Y92.169']",0.6738717615120862
ffbffae3-9427-447f-96c9-c1867b794430,"['90749', '77525', '0046U', 'A9556', 'A9601', '82947', '83718', 'A9800', 'Q0113', '84478', 'M30.8', 'L01.02', 'M70.939', 'L45.', 'A48.8', 'N46.129', 'L01.01', 'M90.839', 'A02.8', 'L90.2']",0.6763457714011919
ffbe8dc5-d66b-40cf-9c01-1e12af87cf2c,"['90749', '83718', 'A9800', '84478', '93321', '82947', '82950', 'A9601', '82951', '51020', 'F29.', 'M70.939', 'Y92.019', 'H47.519', 'M70.98', 'Y92.159', 'M70.959', 'E05.90', 'H82.9', 'L90.1']",0.6962573710526364
ffbe8c1a-0dcb-454c-af5f-498ad6fa26f9,"['90749', '83718', '84478', '82950', '82947', '82951', 'A9800', 'G0480', 'G0482', '93321', 'F29.', 'Y92.019', 'M70.939', 'Y92.159', 'F28.', 'R76.11', 'H47.519', 'N31.0', 'H82.9', 'Z73.5']",0.7065079459378024
ffbcae15-7ec9-40a6-89ca-df624ba1507a,"['90749', '83718', 'A9800', '93321', '82950', '84478', '82947', 'A9556', '51798', '82951', 'M70.939', 'H47.519', 'F29.', 'E88.09', 'D80.2', 'M70.98', 'T80.69XS', 'R94.128', 'M90.839', 'M70.959']",0.674825100319104
ffbca5f9-84d0-4611-a510-6afae6833a5b,"['0046U', '51798', '90749', 'A9601', 'A9800', 'A9592', '92524', 'A9512', '82950', 'A9556', 'Y92.019', 'Y92.159', 'Y92.199', 'Y92.523', 'Y92.049', 'Y92.029', 'Y92.169', 'Y92.838', 'Y92.89', 'Y92.129']",0.6855902568319294
ffbbdf04-8c82-4769-8fa5-ac45ad5a7557,"['90749', '93321', 'A9800', '83718', '93320', '51020', '93930', '93931', 'Q0113', 'A9556', 'M70.939', 'H82.9', 'F29.', 'P72.2', 'M70.98', 'N31.0', 'J98.09', 'R76.11', 'H95.89', 'D89.89']",0.689706022499146
ffbb81be-bc22-4e4d-9c36-062c3f6993f8,"['90749', 'A9800', '93321', '83718', '51798', 'A9601', 'A9556', '51020', '82950', '82947', 'Y92.019', 'F29.', 'Y92.199', 'Y92.159', 'Y92.119', 'Y92.129', 'Y92.049', 'Z04.82', 'Y92.169', 'Y92.89']",0.650968171928281
ffbb57e0-449c-40da-b964-8b8b4fb94ce7,"['A9601', '90749', 'A9800', '51798', '0046U', '93321', 'A9556', '93320', 'G6016', '83718', 'Y92.019', 'Y92.159', 'F29.', 'Y92.199', 'Z63.8', 'Z62.898', 'Y92.049', 'Z75.9', 'Y92.029', 'Y92.169']",0.613135463140777
ffbb5634-df44-48ca-91d8-fe8551352ee4,"['90749', '83718', '93321', 'A9800', '84478', '82950', '82947', '82951', 'G0480', '93320', 'H47.519', 'E88.09', 'F29.', 'H82.9', 'D89.89', 'E05.30', 'M70.939', 'R76.11', 'P72.2', 'E05.90']",0.698913569509255
ffbb2aee-f846-4e44-a070-40f8623519c1,"['90749', '83718', '84478', '82947', '78120', 'A9800', '82950', '82951', '93321', '78121', 'D75.84', 'R76.12', 'F29.', 'R76.11', 'E88.09', 'T80.69XS', 'F52.6', 'R87.621', 'H47.519', 'D89.89']",0.6789942028288595
ffba9f16-9e8c-4c8a-ad28-a5def093b7f1,"['90749', '82950', 'A9800', '82951', '83718', '51020', '0046U', 'A9592', 'G0482', 'G0480', 'M70.939', 'M90.859', 'M70.98', 'B96.22', 'D75.89', 'M63.88', 'M63.859', 'H94.80', 'M90.849', 'H62.8X1']",0.7258825698892534
ffba90ab-379b-4168-b476-ea70d631b94a,"['83718', '90749', '84478', '82950', '82951', '82947', 'A9800', '51020', 'G0480', 'G0482', 'R76.11', 'H47.519', 'N46.129', 'D75.84', 'R97.1', 'R76.12', 'N46.029', 'M90.859', 'M70.939', 'T80.69XS']",0.7201917337584016
ffb9c318-d097-4f99-895b-c723e55261a2,"['93321', '90749', '93320', 'A9800', '51798', '51020', '83718', '78597', 'G0482', 'A9592', 'Y92.019', 'Y92.159', 'F29.', 'F98.0', 'Y92.129', 'J68.2', 'Y92.049', 'Y92.199', 'Y92.119', 'Y92.523']",0.6610437560468165
ffb9b3a4-2ae5-4d41-b76d-1aa8afd34fd7,"['0046U', '76811', 'A9601', '76812', '0058U', '0866T', 'A9556', '76706', '0443U', '76883', 'L01.02', 'R80.3', 'L20.0', 'Z63.8', 'W55.39XS', 'Z62.898', 'P84.', 'L28.2', 'R94.128', 'L74.8']",0.6246926757486899
ffb96643-ef09-4db7-b75f-c9d8609bc06e,"['90749', '83718', '93321', 'A9800', '51020', '84478', '93930', '93931', 'Q0113', '93320', 'Y92.019', 'Y92.159', 'M70.939', 'Y92.199', 'F29.', 'T80.69XS', 'H47.519', 'Z44.009', 'Y92.049', 'M70.959']",0.6936958295819102
ffb94e0f-de72-4767-bde2-f4dcc91f7fb9,"['90749', '83718', '84478', '82947', '51798', 'A9800', '93321', '82950', '0046U', 'Q0113', 'F29.', 'Y92.019', 'M70.939', 'H47.519', 'Y92.159', 'F64.1', 'Z73.5', 'M70.98', 'R76.11', 'R94.09']",0.6882875184822841
ffb949a8-6a4a-45fe-9bcb-0d5acfe76082,"['90749', '0046U', 'A9601', 'A9800', '51798', 'A9556', 'A9592', '83718', '82947', 'G6016', 'Y92.159', 'Y92.019', 'F29.', 'Y92.199', 'Y92.049', 'Y92.89', 'Y92.029', 'Y92.129', 'M70.939', 'Y92.169']",0.6649470231252996
ffb9161b-46c4-4494-b4a9-3f011f5e3998,"['90749', '83718', '84478', 'A9800', '82947', '82950', 'A9601', 'A9556', '82951', '77525', 'D75.84', 'F29.', 'F64.1', 'N46.129', 'N46.029', 'M30.8', 'F52.6', 'L90.1', 'M90.839', 'Z73.5']",0.6838002698256245
ffb84c8f-a121-4645-8155-d44c6aa212b8,"['A9601', '0046U', '51798', 'A9800', 'A9556', '0270U', '90749', 'A9592', 'A9697', '76812', 'Y92.019', 'Y92.159', 'Y92.199', 'Y92.89', 'Y92.169', 'Y92.523', 'Y92.028', 'Y92.029', 'Y92.049', 'Y92.838']",0.6614055203416986
ffb7e60e-7dcd-4d77-a9b7-5143b96a8254,"['0046U', 'A9601', '90749', 'A9556', 'A9800', '51798', '82947', '0235U', '83718', '0382U', 'Y92.019', 'R80.3', 'L01.02', 'Z00.110', 'Y92.159', 'F29.', 'Z63.8', 'M70.939', 'H94.80', 'Y92.199']",0.6519103387331119
ffb7cb7f-2478-4561-8c1c-47514e710be7,"['90749', '0046U', '51798', 'A9800', 'A9601', 'A9592', '92609', 'A9556', '92524', '0236U', 'Y92.019', 'Y92.159', 'Y92.199', 'Y92.523', 'Y92.049', 'Y92.119', 'Y92.169', 'Y92.029', 'Y92.129', 'Y92.89']",0.6671355459123589
ffb78719-198f-48cf-ba6a-1d0d19c04d91,"['A9601', '0046U', '0058U', 'A9800', '76883', 'G6016', '51798', 'A9556', '0866T', '0443U', 'Z63.8', 'W55.39XS', 'L01.02', 'Y92.019', 'R80.3', 'W27.5XXS', 'Y92.159', 'Z75.8', 'L20.0', 'Z75.9']",0.6700634763745198
ffb6eff8-c1f9-4748-bd9e-c0a390c79884,"['76811', '0046U', 'A9601', '76812', '0058U', '0866T', '76706', 'A9556', '76883', '0270U', 'L01.02', 'R80.3', 'W55.39XS', 'Z63.8', 'L20.0', 'Z62.898', 'P84.', 'R40.1', 'L28.2', 'E51.11']",0.6170672211486427
ffb6ed80-e0b1-4e39-b316-cc22c79d7af0,"['83718', '90749', '84478', '82950', '82951', '82947', '0046U', 'A9800', 'G0482', 'G0480', 'F29.', 'N31.0', 'M70.939', 'H47.519', 'F28.', 'M90.859', 'F44.1', 'M70.98', 'Y92.019', 'M90.839']",0.7158157553999054
ffb6aed0-40c5-4847-8b3c-09f5c8fe3da4,"['90749', '83718', '84478', '82947', 'A9556', '0235U', '78015', '78120', '78121', '77525', 'R87.621', 'N46.129', 'M90.839', 'L01.01', 'R87.611', 'C7B.8', 'R85.611', 'D75.84', 'R76.11', 'M30.8']",0.687685545790879
ffb6a234-c790-4717-91da-e6aba0bed3ee,"['0046U', '90749', 'A9800', '51798', 'A9601', 'A9556', '93321', '83718', 'A9592', '82950', 'Y92.019', 'Y92.159', 'Y92.199', 'F29.', 'Y92.029', 'Y92.169', 'Y92.049', 'Y92.129', 'Z63.8', 'Y92.89']",0.660353668301669
ffb5f897-14cf-4959-9a2d-4827bcd2d953,"['0046U', '90749', 'A9800', '51798', 'A9601', 'A9556', '83718', '82950', '82947', 'A9697', 'Y92.019', 'Y92.159', 'Y92.199', 'Y92.029', 'F29.', 'Y92.169', 'Y92.049', 'Y92.523', 'Y92.89', 'Y92.129']",0.6639768826775524
ffb5bfb6-6359-4c31-b70b-933df8f3ba3c,"['90749', 'A9800', '83718', '82950', '82947', 'A9601', '84478', 'A9556', '93321', '82951', 'F29.', 'H47.519', 'T80.69XS', 'B96.22', 'M70.939', 'D75.84', 'E88.09', 'M70.98', 'Y92.019', 'D75.89']",0.6877248920679032
ffb4aa53-ca55-4ec5-8a7d-bc35a0ea14d1,"['90749', '83718', '84478', '82951', '82950', 'A9800', '93321', '51020', 'G0482', '82947', 'R76.12', 'H47.519', 'D75.89', 'R76.11', 'T80.A0XD', 'O99.13', 'H44.50', 'Z13.0', 'E88.09', 'T80.69XD']",0.6750008405822211
ffb488d7-c81e-411a-a0f2-a98be6167efe,"['90749', 'A9800', '83718', '93321', 'Q0113', 'A9601', '84478', '93930', '93931', '93320', 'F29.', 'Y92.019', 'M70.939', 'Z04.82', 'Z13.42', 'Y92.159', 'Z32.2', 'Z13.49', 'M70.98', 'Z00.3']",0.6843684861589235
ffb2b55c-e033-46a4-b422-8f68c1eb55f9,"['83718', '90749', '93321', '84478', 'A9556', '82947', 'A9800', '0049U', '93320', '82950', 'F29.', 'Z04.82', 'H47.519', 'Z73.5', 'E88.09', 'P72.2', 'D89.89', 'Z13.42', 'F52.6', 'R94.128']",0.6681620365772505
ffb2b497-306c-4618-8489-04b3c6922920,"['90749', '83718', '82950', '84478', '82951', 'Q0113', 'A9800', '82947', '51020', '0046U', 'M70.939', 'N31.0', 'F29.', 'M90.859', 'M90.849', 'H94.80', 'Y92.019', 'M90.839', 'H82.9', 'N46.129']",0.7286292744701631
ffb15ca5-e521-4caa-8c69-4698e6966210,"['90749', '83718', '84478', 'G0480', 'G0482', '82950', 'A9800', '82951', 'G0481', '93321', 'F29.', 'H47.519', 'D89.89', 'E88.09', 'D80.2', 'R76.11', 'M90.839', 'E05.30', 'M70.98', 'D75.84']",0.7050190342508371
ffb1578f-448a-4912-9021-e7ab0ae217c0,"['90749', '0046U', '51798', 'A9601', '0236U', 'A9800', '83718', '51020', 'A9556', 'A9592', 'Y92.019', 'Y92.159', 'Y92.199', 'F29.', 'Z04.82', 'Y92.049', 'Y92.119', 'Y92.129', 'Y35.93XS', 'Y92.169']",0.6435802183169704
ffb13eb2-65cc-4bcc-95d5-d51b5df48555,"['90749', '83718', '78120', '51020', '93321', 'G0482', '84478', '78278', '86890', 'G0480', 'F29.', 'P72.2', 'Q92.61', 'R76.12', 'R87.621', 'O98.93', 'D75.84', 'K04.90', 'D89.89', 'R87.3']",0.6751676500951127
ffaf2f1c-cce2-438b-bd1c-39c008c32cd0,"['93321', '90749', 'A9800', '51020', '93320', '83718', '93930', '93931', '71120', '71130', 'F29.', 'K04.90', 'M70.939', 'M63.859', 'M63.839', 'M70.959', 'Y92.019', 'M70.98', 'M85.859', 'H95.89']",0.6833127574553777
ffaecea1-44ee-43b7-85f8-c2354a4f199c,"['90749', '0046U', '51798', 'A9800', 'A9556', 'A9601', 'A9592', '93321', '83718', '82950', 'Y92.019', 'Y92.159', 'Y92.199', 'Y92.523', 'Y92.169', 'Y92.119', 'Y92.029', 'Y92.89', 'Y92.049', 'Y92.129']",0.6559088416973424
ffaec514-4814-44b3-8384-18868aba760d,"['90749', 'A9800', 'A9601', '0046U', 'A9556', '83718', '51798', '82947', '82950', '0382U', 'Y92.019', 'M70.939', 'F29.', 'M90.839', 'Y92.159', 'L45.', 'M70.98', 'Y92.199', 'N46.129', 'R80.3']",0.662540118419553
ffae92a0-b18d-4472-b4cb-a57e9960acf3,"['83718', '90749', '84478', 'A9800', '82950', '82947', 'G0435', '82951', '93321', 'A9601', 'Z13.818', 'Z13.858', 'H47.519', 'F29.', 'M70.939', 'N31.0', 'F98.0', 'Z36.0', 'J10.01', 'Z13.79']",0.7067464379975842
ffadf944-d09c-4260-badc-e289986cba7a,"['90749', '0046U', '83718', '82947', 'A9800', '84478', 'A9601', '82950', '51798', 'Q0113', 'F29.', 'Y92.019', 'Y92.159', 'M70.939', 'Y92.199', 'Y92.89', 'F28.', 'N31.0', 'H47.519', 'Y92.523']",0.6910552034463968
ffadf201-e7e6-476d-b13f-3e547d680442,"['90749', '51020', 'A9800', '93321', '83718', '93930', '93931', '84478', 'Q0113', '77525', 'F29.', 'M70.939', 'M90.859', 'N31.0', 'M90.839', 'H47.519', 'H82.9', 'M70.98', 'M63.859', 'M70.959']",0.7163466102336337
ffadb1c3-4801-42cd-a9c5-a2fed7f2ceaf,"['90749', '83718', '82950', '84478', 'A9800', '82947', 'G0482', '82951', 'G0480', '93321', 'F29.', 'M90.839', 'Z73.5', 'H47.519', 'M90.859', 'F28.', 'M70.939', 'H82.9', 'M63.859', 'N31.0']",0.7051596771733958
ffad934c-a9af-40be-8854-777716b5b01a,"['90749', '93321', 'A9800', '51020', '93320', '83718', '51798', 'A9601', '93930', '93931', 'Y92.019', 'Y92.159', 'Y92.199', 'F29.', 'H47.519', 'M70.939', 'Y92.129', 'Y92.049', 'Y92.119', 'Y92.89']",0.6762183068501063
